<?xml version="1.0" encoding="UTF-8"?>
<project-private xmlns="http://www.netbeans.org/ns/project-private/1">
    <editor-bookmarks xmlns="http://www.netbeans.org/ns/editor-bookmarks/1"/>
    <editor-bookmarks xmlns="http://www.netbeans.org/ns/editor-bookmarks/2" lastBookmarkId="0"/>
    <open-files xmlns="http://www.netbeans.org/ns/projectui-open-files/2">
        <group>
            <file>file:/C:/Users/Mendoza/Desktop/trabajo/Nueva%20carpeta/ProyectoCompleto/tienda/src/claseConectar/conectar.java</file>
            <file>file:/C:/Users/Mendoza/Desktop/trabajo/Nueva%20carpeta/ProyectoCompleto/tienda/src/Formulario/ClientesB.java</file>
            <file>file:/C:/Users/Mendoza/Desktop/trabajo/Nueva%20carpeta/ProyectoCompleto/tienda/src/Formulario/Boleta.java</file>
            <file>file:/C:/Users/Mendoza/Desktop/trabajo/Nueva%20carpeta/ProyectoCompleto/tienda/src/Formulario/ConsultasClientes.java</file>
            <file>file:/C:/Users/Mendoza/Desktop/trabajo/Nueva%20carpeta/ProyectoCompleto/tienda/src/Formulario/IngresoCliente.java</file>
        </group>
    </open-files>
</project-private>
